{"loss": [7.802856490015984, 7.4915527403354645, 0.44763267040252686, 0.11180951446294785, 0.10092838853597641, 0.09822384268045425, 0.103119857609272, 0.09737994521856308, 0.09682979434728622, 0.09652939438819885, 0.09717264026403427, 0.09656386822462082, 0.09886303171515465, 0.0963449515402317, 0.09722772613167763, 0.09745684266090393, 0.09661632031202316, 0.09721536934375763, 0.09710961580276489, 0.09560102596879005, 0.09730033576488495, 0.09771579131484032, 0.09615208953619003, 0.09722840040922165, 0.09767288342118263, 0.0979207381606102, 0.09605956822633743, 0.09874255582690239, 0.09663240611553192, 0.09613195061683655, 0.09791813045740128, 0.09991755336523056, 0.0965757705271244, 0.09868466481566429, 0.09996659681200981, 0.09734367951750755, 0.09545492008328438, 0.1017158180475235, 0.09830188751220703, 0.09786273911595345, 0.09889931231737137, 0.09866850450634956, 0.09771129861474037, 0.09825912863016129, 0.09754220023751259, 0.0953470803797245, 0.09740154072642326, 0.09628326073288918, 0.09725877642631531, 0.09756698831915855], "val_loss": [0.7273526787757874, 0.43782779574394226, 0.09050160646438599, 0.08027821779251099, 0.10266971588134766, 0.07259052246809006, 0.06539365649223328, 0.08848784863948822, 0.07321493327617645, 0.07365395128726959, 0.07104171812534332, 0.07571576535701752, 0.07607507705688477, 0.07439335435628891, 0.07100172340869904, 0.07341886311769485, 0.0797588974237442, 0.08276593685150146, 0.07031434029340744, 0.07382815331220627, 0.07663995772600174, 0.0725027546286583, 0.07726303488016129, 0.07664983719587326, 0.07622157782316208, 0.07651396095752716, 0.07675771415233612, 0.08132822066545486, 0.07469918578863144, 0.07282314449548721, 0.08302000910043716, 0.07076399028301239, 0.07303758710622787, 0.08409103751182556, 0.08040490001440048, 0.07940973341464996, 0.08135553449392319, 0.06278923898935318, 0.07913961261510849, 0.0732053592801094, 0.06828722357749939, 0.06440287828445435, 0.07123889029026031, 0.07285500317811966, 0.07504533976316452, 0.07579659670591354, 0.0690944641828537, 0.07546668499708176, 0.07278493791818619, 0.08419045805931091]}