{"loss": [0.40743309259414673, 0.406866192817688, 0.4009856581687927, 0.4054943472146988, 0.4123458117246628, 0.4043923318386078, 0.3969830423593521, 0.4003024846315384, 0.39690282940864563, 0.40540994703769684, 0.40338246524333954, 0.40646038949489594, 0.38797594606876373, 0.39336487650871277, 0.384133979678154, 0.3805692195892334, 0.39172591269016266, 0.38459499180316925, 0.38251981139183044, 0.38000892102718353, 0.3735002726316452, 0.37597405910491943, 0.3765391409397125, 0.3712593764066696, 0.37536267936229706, 0.3700809180736542, 0.358653724193573, 0.36744099855422974, 0.37293781340122223, 0.3504735678434372, 0.3539981245994568, 0.3512055426836014, 0.3535103350877762, 0.36625106632709503, 0.3535478562116623, 0.34690579771995544, 0.34558093547821045, 0.35208702087402344, 0.3500504195690155, 0.3441765159368515, 0.34863848984241486, 0.342297300696373, 0.3388194590806961, 0.35033656656742096, 0.3511119782924652, 0.34171000123023987, 0.33611197769641876, 0.34665587544441223, 0.3306131213903427, 0.3433736711740494], "val_loss": [0.6201131343841553, 0.617678165435791, 0.6152678728103638, 0.6128408312797546, 0.6104018092155457, 0.608004629611969, 0.6056311130523682, 0.603240966796875, 0.6008682250976562, 0.5984790921211243, 0.5960931181907654, 0.5937075018882751, 0.5913939476013184, 0.5890699625015259, 0.5867856740951538, 0.5845164656639099, 0.582210123538971, 0.5799485445022583, 0.5776890516281128, 0.5754504799842834, 0.5732303261756897, 0.5710079073905945, 0.5687952637672424, 0.5666047930717468, 0.5644000172615051, 0.5622217059135437, 0.5600987076759338, 0.5579297542572021, 0.5557467341423035, 0.5536665916442871, 0.5515708327293396, 0.5494911074638367, 0.5473998188972473, 0.5452645421028137, 0.5431780219078064, 0.5411264896392822, 0.5390774011611938, 0.5370009541511536, 0.5349456667900085, 0.5329159498214722, 0.5308707356452942, 0.5288519859313965, 0.5268521904945374, 0.5248003005981445, 0.5227577090263367, 0.5207692384719849, 0.5187959671020508, 0.5167854428291321, 0.5148364305496216, 0.5128427743911743]}