{"loss": [0.3350471407175064, 0.5001684725284576, 0.10922959446907043, 0.09793468564748764, 0.09781208634376526, 0.09672432765364647, 0.0961725041270256, 0.09558162465691566, 0.09678181633353233, 0.09749046713113785, 0.0965924933552742, 0.09242236614227295, 0.09161103144288063, 0.09313472360372543, 0.07741596177220345, 0.05843273550271988, 0.11787447705864906, 0.0831819698214531, 0.07605654746294022, 0.06676158681511879, 0.053274061530828476, 0.03804057277739048, 0.04600456543266773, 0.0239184582605958, 0.021317153237760067, 0.02368891518563032, 0.022013072855770588, 0.018113126046955585, 0.018245473504066467, 0.016284934245049953, 0.01870917994529009, 0.016016735695302486, 0.016575262881815434, 0.014788614585995674, 0.01892809197306633, 0.019026221707463264, 0.01606655539944768, 0.014320612885057926, 0.014321673661470413, 0.013851679861545563, 0.012602158356457949, 0.01354864751920104, 0.01254348549991846, 0.013229930773377419, 0.012326774653047323, 0.011927475221455097, 0.012053482700139284, 0.01194582087919116, 0.014012442901730537, 0.015266655944287777], "val_loss": [0.5115353465080261, 0.08084429800510406, 0.07730933278799057, 0.09495767951011658, 0.06378301978111267, 0.0897730216383934, 0.08292651921510696, 0.06483215093612671, 0.09854795783758163, 0.09133167564868927, 0.04940808564424515, 0.09504401683807373, 0.09923838078975677, 0.06706567108631134, 0.05796045437455177, 0.043393537402153015, 0.04545918107032776, 0.05860082060098648, 0.06688214093446732, 0.056033868342638016, 0.02699013613164425, 0.024575242772698402, 0.012951057404279709, 0.013642019592225552, 0.01590147241950035, 0.01593255251646042, 0.010907331481575966, 0.010994235053658485, 0.010606551542878151, 0.012741262093186378, 0.01198017131537199, 0.01210411824285984, 0.010840981267392635, 0.010559008456766605, 0.013240085914731026, 0.01081030908972025, 0.012121956795454025, 0.01042498741298914, 0.01036723330616951, 0.010579860769212246, 0.00970666203647852, 0.010289681144058704, 0.011094626039266586, 0.011262944899499416, 0.011278417892754078, 0.010729345493018627, 0.011378100141882896, 0.010924316942691803, 0.012180998921394348, 0.011275622062385082]}