{"loss": [0.414569616317749, 0.3962817043066025, 0.3706553727388382, 0.33129988610744476, 0.27756689488887787, 0.21538779139518738, 0.1515061855316162, 0.16259757429361343, 0.1401044800877571, 0.111154954880476, 0.10516595840454102, 0.10643989965319633, 0.10259158536791801, 0.1016637459397316, 0.10030261799693108, 0.09960789233446121, 0.09876732900738716, 0.09706969559192657, 0.09517646953463554, 0.09343453496694565, 0.09085169062018394, 0.0914401188492775, 0.08973515406250954, 0.08773909881711006, 0.08646364137530327, 0.0819660983979702, 0.07782269641757011, 0.07202177122235298, 0.0687972642481327, 0.05983475223183632, 0.05733071267604828, 0.05712939240038395, 0.05158836767077446, 0.048665646463632584, 0.04628722928464413, 0.04517052136361599, 0.044346606358885765, 0.04243156313896179, 0.04020298458635807, 0.03682672418653965, 0.03368319105356932, 0.03209918551146984, 0.029864536598324776, 0.02678206656128168, 0.02482348307967186, 0.023472562432289124, 0.021809741854667664, 0.02019922435283661, 0.019836772233247757, 0.019331438466906548], "val_loss": [0.5997290015220642, 0.5609679818153381, 0.515823245048523, 0.45584073662757874, 0.36728036403656006, 0.23425862193107605, 0.11348215490579605, 0.08319053053855896, 0.08528458327054977, 0.10971994698047638, 0.12416750937700272, 0.12062148749828339, 0.10424502193927765, 0.0865413248538971, 0.07396368682384491, 0.06837769597768784, 0.06812400370836258, 0.07255351543426514, 0.07711394131183624, 0.08070886135101318, 0.08058562129735947, 0.0776948407292366, 0.07577305287122726, 0.07018417119979858, 0.06485455483198166, 0.05810708925127983, 0.05295766144990921, 0.048702090978622437, 0.04050106927752495, 0.03426278010010719, 0.03008069284260273, 0.025036407634615898, 0.02412070706486702, 0.019091079011559486, 0.017241280525922775, 0.017301807180047035, 0.019853724166750908, 0.017434895038604736, 0.02190188691020012, 0.018930714577436447, 0.018067598342895508, 0.01796000264585018, 0.015869617462158203, 0.014965234324336052, 0.01582935079932213, 0.016184959560632706, 0.014876638539135456, 0.013276427052915096, 0.012986913323402405, 0.012570163235068321]}