{"loss": [0.41845211386680603, 0.4026407450437546, 0.3618365377187729, 0.33069857954978943, 0.2713906615972519, 0.19191085547208786, 0.17118095606565475, 0.15777045488357544, 0.11913121491670609, 0.10857462882995605, 0.11082836613059044, 0.10948382318019867, 0.1044694036245346, 0.10343876108527184, 0.10389960184693336, 0.10270022600889206, 0.09806535765528679, 0.0957331471145153, 0.09545553848147392, 0.09553438052535057, 0.09541843831539154, 0.09334515780210495, 0.09148446470499039, 0.09048272296786308, 0.0882243923842907, 0.08544199541211128, 0.08218812942504883, 0.07874445989727974, 0.07385003939270973, 0.06674043834209442, 0.06195361725986004, 0.058294445276260376, 0.05570435710251331, 0.05533766932785511, 0.05064787529408932, 0.05046162009239197, 0.04843997396528721, 0.04736454226076603, 0.045809170231223106, 0.044060537591576576, 0.04170690476894379, 0.04017822444438934, 0.03672358952462673, 0.03617507591843605, 0.033676428720355034, 0.03147599659860134, 0.029008259996771812, 0.028671829029917717, 0.025736724957823753, 0.02386714331805706], "val_loss": [0.6051715016365051, 0.5648069381713867, 0.5132803916931152, 0.4377550482749939, 0.316383421421051, 0.14561571180820465, 0.08137586712837219, 0.07789909094572067, 0.10933072119951248, 0.13197731971740723, 0.13214977085590363, 0.1162746325135231, 0.09450261294841766, 0.08090587705373764, 0.07417384535074234, 0.07428920269012451, 0.08047552406787872, 0.08715657889842987, 0.09127682447433472, 0.09034016728401184, 0.08259618282318115, 0.07254044711589813, 0.06415823101997375, 0.06187230348587036, 0.06400211900472641, 0.06710518151521683, 0.06673820316791534, 0.06059609726071358, 0.049363598227500916, 0.03966301307082176, 0.03713907301425934, 0.03355993703007698, 0.03717496246099472, 0.024792533367872238, 0.020500842481851578, 0.01867629960179329, 0.01749623939394951, 0.016640635207295418, 0.017990604043006897, 0.026707621291279793, 0.018947681412100792, 0.018442729488015175, 0.02189909666776657, 0.017659476026892662, 0.01575421541929245, 0.01644992269575596, 0.01768356002867222, 0.018140049651265144, 0.017803320661187172, 0.01696084253489971]}